"Index","Price"
2019-10-24 00:00:59,7465.5
2019-10-24 00:01:59,7465
2019-10-24 00:02:58,7455
2019-10-24 00:03:51,7464.5
2019-10-24 00:04:57,7466.5
2019-10-24 00:05:59,7471.5
2019-10-24 00:06:59,7473
2019-10-24 00:07:59,7473.5
2019-10-24 00:08:58,7473
2019-10-24 00:09:59,7474.5
2019-10-24 00:10:59,7481.5
2019-10-24 00:11:55,7482.5
2019-10-24 00:12:58,7482.5
2019-10-24 00:13:58,7485
2019-10-24 00:14:58,7484.5
2019-10-24 00:15:59,7475
2019-10-24 00:16:59,7463.5
2019-10-24 00:17:59,7469.5
2019-10-24 00:18:59,7465
2019-10-24 00:19:59,7470.5
2019-10-24 00:20:59,7465.5
2019-10-24 00:21:59,7469.5
2019-10-24 00:22:53,7470
2019-10-24 00:23:57,7468
2019-10-24 00:24:59,7468
2019-10-24 00:25:58,7464.5
2019-10-24 00:26:59,7458
2019-10-24 00:27:56,7457.5
2019-10-24 00:28:57,7458
2019-10-24 00:29:56,7461
2019-10-24 00:30:54,7461
2019-10-24 00:31:59,7461
2019-10-24 00:32:56,7461
2019-10-24 00:33:57,7461
2019-10-24 00:34:59,7461
2019-10-24 00:35:59,7461
2019-10-24 00:36:54,7462
2019-10-24 00:37:57,7462
2019-10-24 00:38:57,7462
2019-10-24 00:39:59,7461.5
2019-10-24 00:40:54,7457
2019-10-24 00:41:59,7459.5
2019-10-24 00:42:59,7460.5
2019-10-24 00:43:56,7458.5
2019-10-24 00:44:59,7458.5
2019-10-24 00:45:58,7458.5
2019-10-24 00:46:57,7459
2019-10-24 00:47:59,7464
2019-10-24 00:48:56,7464
2019-10-24 00:49:59,7462.5
2019-10-24 00:50:58,7459.5
2019-10-24 00:51:58,7455
2019-10-24 00:52:58,7458.5
2019-10-24 00:53:59,7459.5
2019-10-24 00:54:58,7460
2019-10-24 00:55:59,7461.5
2019-10-24 00:56:56,7462
2019-10-24 00:57:55,7462
2019-10-24 00:58:59,7462
2019-10-24 00:59:54,7461.5
2019-10-24 01:00:56,7461.5
2019-10-24 01:01:59,7461.5
2019-10-24 01:02:55,7462
2019-10-24 01:03:59,7461.5
2019-10-24 01:04:59,7462
2019-10-24 01:05:58,7461.5
2019-10-24 01:06:59,7462
2019-10-24 01:07:59,7465
2019-10-24 01:08:59,7465.5
2019-10-24 01:09:59,7471.5
2019-10-24 01:10:54,7472
2019-10-24 01:11:57,7473.5
2019-10-24 01:12:59,7475
2019-10-24 01:13:58,7475
2019-10-24 01:14:58,7469
2019-10-24 01:15:59,7465
2019-10-24 01:16:59,7461.5
2019-10-24 01:17:59,7461
2019-10-24 01:18:59,7460
2019-10-24 01:19:59,7458.5
2019-10-24 01:20:59,7458
2019-10-24 01:21:57,7457
2019-10-24 01:22:56,7457
2019-10-24 01:23:59,7457
2019-10-24 01:24:57,7457
2019-10-24 01:25:59,7456.5
2019-10-24 01:26:56,7456.5
2019-10-24 01:27:57,7457
2019-10-24 01:28:47,7457
2019-10-24 01:29:59,7457
2019-10-24 01:30:59,7457
2019-10-24 01:31:57,7457
2019-10-24 01:32:58,7456.5
2019-10-24 01:33:59,7456.5
2019-10-24 01:34:58,7455.5
2019-10-24 01:35:59,7438.5
2019-10-24 01:36:58,7436.5
2019-10-24 01:37:59,7438
2019-10-24 01:38:59,7431
2019-10-24 01:39:58,7430
2019-10-24 01:40:59,7427
2019-10-24 01:41:59,7430
2019-10-24 01:42:59,7430
2019-10-24 01:43:58,7435
2019-10-24 01:44:56,7429.5
2019-10-24 01:45:58,7431
2019-10-24 01:46:58,7433.5
2019-10-24 01:47:59,7434.5
2019-10-24 01:48:58,7435
2019-10-24 01:49:59,7435
2019-10-24 01:50:58,7436
2019-10-24 01:51:57,7434.5
2019-10-24 01:52:54,7434.5
2019-10-24 01:53:57,7434
2019-10-24 01:54:54,7433.5
2019-10-24 01:55:59,7433.5
2019-10-24 01:56:59,7434
2019-10-24 01:57:58,7434.5
2019-10-24 01:58:57,7437.5
2019-10-24 01:59:59,7437.5
2019-10-24 02:00:59,7437.5
2019-10-24 02:01:56,7439.5
2019-10-24 02:02:59,7437.5
2019-10-24 02:03:58,7437.5
2019-10-24 02:04:59,7437
2019-10-24 02:05:59,7437
2019-10-24 02:06:59,7434
2019-10-24 02:07:53,7433
2019-10-24 02:08:59,7432.5
2019-10-24 02:09:55,7432.5
2019-10-24 02:10:59,7436
2019-10-24 02:11:56,7436.5
2019-10-24 02:12:59,7434.5
2019-10-24 02:13:56,7434.5
2019-10-24 02:14:56,7434
2019-10-24 02:15:57,7434
2019-10-24 02:16:59,7425.5
2019-10-24 02:17:59,7426
2019-10-24 02:18:58,7426
2019-10-24 02:19:59,7425
2019-10-24 02:20:59,7420.5
2019-10-24 02:21:59,7421.5
2019-10-24 02:22:59,7418.5
2019-10-24 02:23:54,7420.5
2019-10-24 02:24:55,7420
2019-10-24 02:25:55,7420.5
2019-10-24 02:26:59,7424
2019-10-24 02:27:59,7423
2019-10-24 02:28:59,7423
2019-10-24 02:29:59,7420
2019-10-24 02:30:59,7421
2019-10-24 02:31:58,7421
2019-10-24 02:32:57,7415
2019-10-24 02:33:59,7414
2019-10-24 02:34:59,7430.5
2019-10-24 02:35:59,7435
2019-10-24 02:36:59,7435.5
2019-10-24 02:37:59,7435
2019-10-24 02:38:56,7435
2019-10-24 02:39:57,7434.5
2019-10-24 02:40:57,7431
2019-10-24 02:41:59,7441
2019-10-24 02:42:59,7437
2019-10-24 02:43:58,7437.5
2019-10-24 02:44:55,7434
2019-10-24 02:45:58,7430.5
2019-10-24 02:46:58,7434
2019-10-24 02:47:58,7439
2019-10-24 02:48:57,7441.5
2019-10-24 02:49:59,7442.5
2019-10-24 02:50:59,7443
2019-10-24 02:51:49,7443
2019-10-24 02:52:56,7443
2019-10-24 02:53:59,7442.5
2019-10-24 02:54:59,7437.5
2019-10-24 02:55:58,7442
2019-10-24 02:56:59,7440
2019-10-24 02:57:57,7438.5
2019-10-24 02:58:59,7435.5
2019-10-24 02:59:56,7433
2019-10-24 03:00:58,7437
2019-10-24 03:01:58,7433.5
2019-10-24 03:02:59,7426
2019-10-24 03:03:59,7423
2019-10-24 03:04:59,7420.5
2019-10-24 03:05:58,7421
2019-10-24 03:06:59,7417.5
2019-10-24 03:07:57,7419
2019-10-24 03:08:58,7419
2019-10-24 03:09:59,7419
2019-10-24 03:10:59,7422
2019-10-24 03:11:59,7421.5
2019-10-24 03:12:59,7422
2019-10-24 03:13:58,7415
2019-10-24 03:14:51,7415.5
2019-10-24 03:15:59,7417.5
2019-10-24 03:16:59,7412
2019-10-24 03:17:59,7414
2019-10-24 03:18:59,7416
2019-10-24 03:19:59,7415
2019-10-24 03:20:59,7413
2019-10-24 03:21:59,7409.5
2019-10-24 03:22:59,7406
2019-10-24 03:23:59,7410
2019-10-24 03:24:58,7410.5
2019-10-24 03:25:57,7412.5
2019-10-24 03:26:59,7413.5
2019-10-24 03:27:59,7413.5
2019-10-24 03:28:57,7410
2019-10-24 03:29:59,7406
2019-10-24 03:30:58,7406.5
2019-10-24 03:31:59,7415
2019-10-24 03:32:57,7416
2019-10-24 03:33:59,7416
2019-10-24 03:34:57,7416
2019-10-24 03:35:59,7418
2019-10-24 03:36:59,7422
2019-10-24 03:37:59,7424.5
2019-10-24 03:38:59,7428.5
2019-10-24 03:39:59,7430
2019-10-24 03:40:57,7430.5
2019-10-24 03:41:57,7433.5
2019-10-24 03:42:56,7433
2019-10-24 03:43:59,7433
2019-10-24 03:44:59,7433.5
2019-10-24 03:45:59,7435.5
2019-10-24 03:46:59,7435
2019-10-24 03:47:55,7435
2019-10-24 03:48:57,7435
2019-10-24 03:49:59,7434.5
2019-10-24 03:50:59,7430
2019-10-24 03:51:58,7421.5
2019-10-24 03:52:58,7421.5
2019-10-24 03:53:58,7418.5
2019-10-24 03:54:59,7418.5
2019-10-24 03:55:59,7412
2019-10-24 03:56:59,7412
2019-10-24 03:57:59,7417.5
2019-10-24 03:58:58,7417.5
2019-10-24 03:59:58,7417
2019-10-24 04:00:59,7409
2019-10-24 04:01:59,7415.5
2019-10-24 04:02:55,7418.5
2019-10-24 04:03:58,7410.5
2019-10-24 04:04:59,7418
2019-10-24 04:05:59,7414
2019-10-24 04:06:59,7420.5
2019-10-24 04:07:54,7420
2019-10-24 04:08:58,7417
2019-10-24 04:09:58,7420
2019-10-24 04:10:59,7415
2019-10-24 04:11:53,7415.5
2019-10-24 04:12:57,7413.5
2019-10-24 04:13:59,7411.5
2019-10-24 04:14:56,7409
2019-10-24 04:15:58,7410.5
2019-10-24 04:16:55,7414
2019-10-24 04:17:58,7416
2019-10-24 04:18:58,7412.5
2019-10-24 04:19:58,7412.5
2019-10-24 04:20:59,7418
2019-10-24 04:21:58,7417.5
2019-10-24 04:22:53,7416
2019-10-24 04:23:58,7425.5
2019-10-24 04:24:59,7431
2019-10-24 04:25:56,7429.5
2019-10-24 04:26:58,7429
2019-10-24 04:27:59,7433
2019-10-24 04:28:58,7432.5
2019-10-24 04:29:59,7433
2019-10-24 04:30:58,7432
2019-10-24 04:31:59,7428.5
2019-10-24 04:32:57,7429.5
2019-10-24 04:33:55,7429.5
2019-10-24 04:34:58,7426
2019-10-24 04:35:58,7413
2019-10-24 04:36:58,7412.5
2019-10-24 04:37:56,7412.5
2019-10-24 04:38:56,7412.5
2019-10-24 04:39:59,7413
2019-10-24 04:40:57,7412
2019-10-24 04:41:58,7412
2019-10-24 04:42:57,7411.5
2019-10-24 04:43:57,7412
2019-10-24 04:44:58,7411.5
2019-10-24 04:45:59,7411.5
2019-10-24 04:46:53,7412
2019-10-24 04:47:57,7411.5
2019-10-24 04:48:54,7412
2019-10-24 04:49:56,7412
2019-10-24 04:50:43,7412
2019-10-24 04:51:58,7417
2019-10-24 04:52:59,7418
2019-10-24 04:53:56,7418.5
2019-10-24 04:54:57,7421.5
2019-10-24 04:55:59,7421.5
2019-10-24 04:56:55,7422
2019-10-24 04:57:57,7422
2019-10-24 04:58:59,7420.5
2019-10-24 04:59:56,7420
2019-10-24 05:00:59,7421.5
2019-10-24 05:01:55,7421.5
2019-10-24 05:02:59,7421
2019-10-24 05:03:59,7422.5
2019-10-24 05:04:59,7425
2019-10-24 05:05:59,7424.5
2019-10-24 05:06:57,7425
2019-10-24 05:07:59,7425
2019-10-24 05:08:59,7422
2019-10-24 05:09:59,7420.5
2019-10-24 05:10:59,7423.5
2019-10-24 05:11:59,7424
2019-10-24 05:12:59,7424
2019-10-24 05:13:59,7428.5
2019-10-24 05:14:59,7428.5
2019-10-24 05:15:59,7427.5
2019-10-24 05:16:54,7433
2019-10-24 05:17:55,7433
2019-10-24 05:18:59,7433
2019-10-24 05:19:58,7433
2019-10-24 05:20:59,7433
2019-10-24 05:21:59,7430.5
2019-10-24 05:22:58,7428.5
2019-10-24 05:23:59,7428.5
2019-10-24 05:24:59,7425.5
2019-10-24 05:25:59,7428.5
2019-10-24 05:26:59,7429
2019-10-24 05:27:56,7429
2019-10-24 05:28:59,7425
2019-10-24 05:29:59,7425
2019-10-24 05:30:57,7429
2019-10-24 05:31:52,7428.5
2019-10-24 05:32:54,7429
2019-10-24 05:33:58,7429
2019-10-24 05:34:58,7426
2019-10-24 05:35:57,7426
2019-10-24 05:36:59,7427
2019-10-24 05:37:59,7427.5
2019-10-24 05:38:59,7425
2019-10-24 05:39:54,7425.5
2019-10-24 05:40:58,7425
2019-10-24 05:41:59,7424
2019-10-24 05:42:54,7421
2019-10-24 05:43:59,7420.5
2019-10-24 05:44:59,7416
2019-10-24 05:45:59,7419.5
2019-10-24 05:46:59,7419
2019-10-24 05:47:56,7419
2019-10-24 05:48:58,7416.5
2019-10-24 05:49:58,7417
2019-10-24 05:50:59,7417
2019-10-24 05:51:54,7417
2019-10-24 05:52:56,7417
2019-10-24 05:53:59,7421
2019-10-24 05:54:55,7422.5
2019-10-24 05:55:56,7422.5
2019-10-24 05:56:59,7423
2019-10-24 05:57:54,7422.5
2019-10-24 05:58:56,7419
2019-10-24 05:59:58,7419.5
2019-10-24 06:00:59,7419
2019-10-24 06:01:59,7419.5
2019-10-24 06:02:58,7419
2019-10-24 06:03:59,7419
2019-10-24 06:04:57,7419
2019-10-24 06:05:57,7419
2019-10-24 06:06:58,7419
2019-10-24 06:07:59,7415
2019-10-24 06:08:58,7413.5
2019-10-24 06:09:57,7414
2019-10-24 06:10:59,7414
2019-10-24 06:11:58,7413.5
2019-10-24 06:12:59,7413.5
2019-10-24 06:13:55,7413.5
2019-10-24 06:14:59,7413.5
2019-10-24 06:15:59,7412.5
2019-10-24 06:16:57,7413
2019-10-24 06:17:59,7410.5
2019-10-24 06:18:59,7407
2019-10-24 06:19:59,7407
2019-10-24 06:20:58,7407.5
2019-10-24 06:21:59,7384
2019-10-24 06:22:59,7381
2019-10-24 06:23:59,7386
2019-10-24 06:24:59,7384
2019-10-24 06:25:59,7391
2019-10-24 06:26:59,7391.5
2019-10-24 06:27:58,7384
2019-10-24 06:28:56,7384
2019-10-24 06:29:56,7386.5
2019-10-24 06:30:59,7390.5
2019-10-24 06:31:59,7390.5
2019-10-24 06:32:59,7390.5
2019-10-24 06:33:59,7399
2019-10-24 06:34:59,7395.5
2019-10-24 06:35:59,7391.5
2019-10-24 06:36:57,7391.5
2019-10-24 06:37:57,7392
2019-10-24 06:38:59,7391
2019-10-24 06:39:58,7391.5
2019-10-24 06:40:58,7391.5
2019-10-24 06:41:58,7391.5
2019-10-24 06:42:59,7391.5
2019-10-24 06:43:59,7377.5
2019-10-24 06:44:58,7376
2019-10-24 06:45:59,7364
2019-10-24 06:46:59,7366.5
2019-10-24 06:47:59,7362
2019-10-24 06:48:59,7369.5
2019-10-24 06:49:59,7370.5
2019-10-24 06:50:59,7374.5
2019-10-24 06:51:59,7381.5
2019-10-24 06:52:59,7379.5
2019-10-24 06:53:59,7379.5
2019-10-24 06:54:59,7377.5
2019-10-24 06:55:58,7377.5
2019-10-24 06:56:59,7372
2019-10-24 06:57:59,7366
2019-10-24 06:58:58,7369
2019-10-24 06:59:59,7373
2019-10-24 07:00:59,7373.5
2019-10-24 07:01:59,7384.5
2019-10-24 07:02:59,7393
2019-10-24 07:03:59,7402.5
2019-10-24 07:04:59,7405.5
2019-10-24 07:05:59,7414
2019-10-24 07:06:59,7410
2019-10-24 07:07:59,7406.5
2019-10-24 07:08:59,7407
2019-10-24 07:09:58,7405.5
2019-10-24 07:10:59,7403
2019-10-24 07:11:59,7403
2019-10-24 07:12:57,7403
2019-10-24 07:13:59,7405
2019-10-24 07:14:58,7406
2019-10-24 07:15:59,7426.5
2019-10-24 07:16:59,7422
2019-10-24 07:17:58,7425.5
2019-10-24 07:18:58,7421.5
2019-10-24 07:19:59,7423.5
2019-10-24 07:20:59,7434.5
2019-10-24 07:21:57,7426.5
2019-10-24 07:22:54,7427.5
2019-10-24 07:23:59,7427.5
2019-10-24 07:24:58,7425.5
2019-10-24 07:25:58,7424
2019-10-24 07:26:59,7423.5
2019-10-24 07:27:59,7423.5
2019-10-24 07:28:59,7424.5
2019-10-24 07:29:59,7426
2019-10-24 07:30:59,7432
2019-10-24 07:31:56,7430.5
2019-10-24 07:32:52,7434.5
2019-10-24 07:33:59,7431
2019-10-24 07:34:59,7431.5
2019-10-24 07:35:59,7433.5
2019-10-24 07:36:59,7439
2019-10-24 07:37:59,7431.5
2019-10-24 07:38:59,7424.5
2019-10-24 07:39:59,7424.5
2019-10-24 07:40:59,7425
2019-10-24 07:41:59,7423.5
2019-10-24 07:42:59,7424
2019-10-24 07:43:59,7421.5
2019-10-24 07:44:59,7422
2019-10-24 07:45:59,7427.5
2019-10-24 07:46:59,7424.5
2019-10-24 07:47:59,7424
2019-10-24 07:48:59,7426
2019-10-24 07:49:59,7426.5
2019-10-24 07:50:59,7427
2019-10-24 07:51:59,7427.5
2019-10-24 07:52:59,7427.5
2019-10-24 07:53:59,7427
2019-10-24 07:54:59,7425.5
2019-10-24 07:55:59,7425.5
2019-10-24 07:56:59,7425
2019-10-24 07:57:59,7424
2019-10-24 07:58:59,7424.5
2019-10-24 07:59:59,7426.5
2019-10-24 08:00:59,7425
2019-10-24 08:01:59,7424.5
2019-10-24 08:02:59,7423
2019-10-24 08:03:59,7420.5
2019-10-24 08:04:59,7417
2019-10-24 08:05:59,7416
2019-10-24 08:06:59,7416.5
2019-10-24 08:07:59,7416
2019-10-24 08:08:59,7416.5
2019-10-24 08:09:59,7415.5
2019-10-24 08:10:59,7412.5
2019-10-24 08:11:59,7409
2019-10-24 08:12:59,7408
2019-10-24 08:13:59,7404.5
2019-10-24 08:14:58,7409
2019-10-24 08:15:59,7405.5
2019-10-24 08:16:59,7410
2019-10-24 08:17:59,7410
2019-10-24 08:18:59,7413
2019-10-24 08:19:59,7414
2019-10-24 08:20:59,7414.5
2019-10-24 08:21:59,7418
2019-10-24 08:22:59,7418.5
2019-10-24 08:23:59,7418
2019-10-24 08:24:59,7419
2019-10-24 08:25:59,7420
2019-10-24 08:26:59,7421
2019-10-24 08:27:59,7421
2019-10-24 08:28:59,7421.5
2019-10-24 08:29:59,7424.5
2019-10-24 08:30:59,7427.5
2019-10-24 08:31:59,7427.5
2019-10-24 08:32:59,7427.5
2019-10-24 08:33:59,7429
2019-10-24 08:34:59,7428.5
2019-10-24 08:35:59,7438
2019-10-24 08:36:59,7440.5
2019-10-24 08:37:59,7436
2019-10-24 08:38:59,7441
2019-10-24 08:39:59,7443
2019-10-24 08:40:59,7444
2019-10-24 08:41:59,7444.5
2019-10-24 08:42:59,7444.5
2019-10-24 08:43:59,7444.5
2019-10-24 08:44:59,7442
2019-10-24 08:45:59,7442
2019-10-24 08:46:59,7446
2019-10-24 08:47:59,7444
2019-10-24 08:48:59,7443
2019-10-24 08:49:59,7443.5
2019-10-24 08:50:59,7443
2019-10-24 08:51:59,7443.5
2019-10-24 08:52:59,7448
2019-10-24 08:53:59,7452
2019-10-24 08:54:58,7448.5
2019-10-24 08:55:59,7448
2019-10-24 08:56:59,7446.5
2019-10-24 08:57:59,7446
2019-10-24 08:58:59,7452.5
2019-10-24 08:59:59,7460
2019-10-24 09:00:59,7465.5
2019-10-24 09:01:59,7464
2019-10-24 09:02:59,7464.5
2019-10-24 09:03:59,7471
2019-10-24 09:04:59,7465
2019-10-24 09:05:59,7467
2019-10-24 09:06:59,7466
2019-10-24 09:07:59,7464.5
2019-10-24 09:08:59,7465
2019-10-24 09:09:59,7461.5
2019-10-24 09:10:59,7457
2019-10-24 09:11:59,7451
2019-10-24 09:12:59,7451
2019-10-24 09:13:59,7451
2019-10-24 09:14:59,7450
2019-10-24 09:15:59,7450
2019-10-24 09:16:58,7459.5
2019-10-24 09:17:59,7460
2019-10-24 09:18:59,7459.5
2019-10-24 09:19:59,7460
2019-10-24 09:20:59,7465
2019-10-24 09:21:59,7470
2019-10-24 09:22:59,7466
2019-10-24 09:23:59,7466
2019-10-24 09:24:59,7463.5
2019-10-24 09:25:59,7475
2019-10-24 09:26:59,7486
2019-10-24 09:27:59,7477
2019-10-24 09:28:59,7473.5
2019-10-24 09:29:59,7473
2019-10-24 09:30:58,7477.5
2019-10-24 09:31:57,7477
2019-10-24 09:32:59,7475
2019-10-24 09:33:59,7473
2019-10-24 09:34:59,7470.5
2019-10-24 09:35:57,7468.5
2019-10-24 09:36:59,7465.5
2019-10-24 09:37:59,7466
2019-10-24 09:38:58,7466.5
2019-10-24 09:39:57,7468
2019-10-24 09:40:59,7467.5
2019-10-24 09:41:59,7467.5
2019-10-24 09:42:58,7463.5
2019-10-24 09:43:59,7460
2019-10-24 09:44:58,7460
2019-10-24 09:45:58,7459.5
2019-10-24 09:46:59,7459.5
2019-10-24 09:47:59,7456.5
2019-10-24 09:48:59,7458
2019-10-24 09:49:58,7459.5
2019-10-24 09:50:58,7458.5
2019-10-24 09:51:59,7458.5
2019-10-24 09:52:59,7457.5
2019-10-24 09:53:59,7457.5
2019-10-24 09:54:59,7457.5
2019-10-24 09:55:55,7457.5
2019-10-24 09:56:59,7460.5
2019-10-24 09:57:57,7460
2019-10-24 09:58:59,7453.5
2019-10-24 09:59:53,7451.5
2019-10-24 10:00:57,7451.5
2019-10-24 10:01:56,7451
2019-10-24 10:02:59,7441
2019-10-24 10:03:59,7445
2019-10-24 10:04:59,7444.5
2019-10-24 10:05:55,7445.5
2019-10-24 10:06:57,7445.5
2019-10-24 10:07:56,7446
2019-10-24 10:08:58,7447
2019-10-24 10:09:57,7447
2019-10-24 10:10:56,7447
2019-10-24 10:11:59,7452.5
2019-10-24 10:12:59,7455.5
2019-10-24 10:13:54,7456
2019-10-24 10:14:58,7452.5
2019-10-24 10:15:59,7456
2019-10-24 10:16:59,7449.5
2019-10-24 10:17:57,7448.5
2019-10-24 10:18:59,7448.5
2019-10-24 10:19:59,7442
2019-10-24 10:20:59,7446
2019-10-24 10:21:57,7445.5
2019-10-24 10:22:59,7443.5
2019-10-24 10:23:58,7444
2019-10-24 10:24:58,7447.5
2019-10-24 10:25:59,7447.5
2019-10-24 10:26:59,7447
2019-10-24 10:27:59,7447
2019-10-24 10:28:59,7447.5
2019-10-24 10:29:59,7449
2019-10-24 10:30:59,7455
2019-10-24 10:31:52,7449.5
2019-10-24 10:32:59,7450
2019-10-24 10:33:48,7450
2019-10-24 10:34:44,7450
2019-10-24 10:35:56,7449.5
2019-10-24 10:36:57,7450
2019-10-24 10:37:59,7451
2019-10-24 10:38:58,7452
2019-10-24 10:39:58,7452
2019-10-24 10:40:57,7453.5
2019-10-24 10:41:59,7459.5
2019-10-24 10:42:56,7460
2019-10-24 10:43:55,7460
2019-10-24 10:44:59,7460
2019-10-24 10:45:59,7461
2019-10-24 10:46:59,7463.5
2019-10-24 10:47:58,7464.5
2019-10-24 10:48:58,7462
2019-10-24 10:49:59,7462.5
2019-10-24 10:50:54,7462
2019-10-24 10:51:58,7462.5
2019-10-24 10:52:58,7462.5
2019-10-24 10:53:56,7462
2019-10-24 10:54:56,7462.5
2019-10-24 10:55:59,7463
2019-10-24 10:56:59,7452
2019-10-24 10:57:59,7449
2019-10-24 10:58:59,7449
2019-10-24 10:59:59,7449
2019-10-24 11:00:59,7449
2019-10-24 11:01:58,7449.5
2019-10-24 11:02:59,7449
2019-10-24 11:03:56,7446
2019-10-24 11:04:59,7446
2019-10-24 11:05:59,7446
2019-10-24 11:06:59,7441
2019-10-24 11:07:59,7437.5
2019-10-24 11:08:58,7437.5
2019-10-24 11:09:59,7443
2019-10-24 11:10:59,7443
2019-10-24 11:11:59,7449
2019-10-24 11:12:57,7445
2019-10-24 11:13:57,7445.5
2019-10-24 11:14:57,7445.5
2019-10-24 11:15:59,7444.5
2019-10-24 11:16:58,7441
2019-10-24 11:17:59,7446
2019-10-24 11:18:59,7441.5
2019-10-24 11:19:54,7439.5
2019-10-24 11:20:59,7436
2019-10-24 11:21:59,7436
2019-10-24 11:22:57,7435.5
2019-10-24 11:23:57,7439.5
2019-10-24 11:24:58,7438.5
2019-10-24 11:25:57,7439.5
2019-10-24 11:26:57,7439.5
2019-10-24 11:27:57,7440
2019-10-24 11:28:59,7438
2019-10-24 11:29:58,7436.5
2019-10-24 11:30:59,7436.5
2019-10-24 11:31:58,7436.5
2019-10-24 11:32:58,7436.5
2019-10-24 11:33:53,7436.5
2019-10-24 11:34:53,7437
2019-10-24 11:35:59,7437
2019-10-24 11:36:54,7437
2019-10-24 11:37:59,7440
2019-10-24 11:38:58,7439.5
2019-10-24 11:39:56,7442
2019-10-24 11:40:58,7441.5
2019-10-24 11:41:59,7442
2019-10-24 11:42:59,7443
2019-10-24 11:43:56,7443
2019-10-24 11:44:58,7443
2019-10-24 11:45:59,7442.5
2019-10-24 11:46:57,7442
2019-10-24 11:47:59,7441.5
2019-10-24 11:48:59,7441.5
2019-10-24 11:49:59,7441.5
2019-10-24 11:50:57,7432
2019-10-24 11:51:57,7439.5
2019-10-24 11:52:57,7435.5
2019-10-24 11:53:59,7436.5
2019-10-24 11:54:58,7436
2019-10-24 11:55:59,7439.5
2019-10-24 11:56:59,7440.5
2019-10-24 11:57:59,7446.5
2019-10-24 11:58:59,7445
2019-10-24 11:59:59,7443.5
2019-10-24 12:00:59,7440
2019-10-24 12:01:58,7441.5
2019-10-24 12:02:58,7440.5
2019-10-24 12:03:54,7441
2019-10-24 12:04:58,7441
2019-10-24 12:05:53,7440.5
2019-10-24 12:06:52,7440.5
2019-10-24 12:07:59,7445
2019-10-24 12:08:58,7451
2019-10-24 12:09:59,7451
2019-10-24 12:10:59,7454
2019-10-24 12:11:55,7453.5
2019-10-24 12:12:59,7453.5
2019-10-24 12:13:54,7453.5
2019-10-24 12:14:59,7458
2019-10-24 12:15:59,7459
2019-10-24 12:16:59,7456
2019-10-24 12:17:59,7452.5
2019-10-24 12:18:59,7452
2019-10-24 12:19:59,7452
2019-10-24 12:20:58,7454
2019-10-24 12:21:59,7454.5
2019-10-24 12:22:58,7458
2019-10-24 12:23:59,7458
2019-10-24 12:24:59,7461
2019-10-24 12:25:59,7458
2019-10-24 12:26:59,7455
2019-10-24 12:27:49,7455
2019-10-24 12:28:59,7456
2019-10-24 12:29:58,7455.5
2019-10-24 12:30:58,7457.5
2019-10-24 12:31:58,7457.5
2019-10-24 12:32:59,7457.5
2019-10-24 12:33:58,7456
2019-10-24 12:34:59,7460
2019-10-24 12:35:56,7461.5
2019-10-24 12:36:59,7461.5
2019-10-24 12:37:58,7461.5
2019-10-24 12:38:55,7462
2019-10-24 12:39:58,7461.5
2019-10-24 12:40:56,7462
2019-10-24 12:41:59,7466.5
2019-10-24 12:42:59,7469.5
2019-10-24 12:43:59,7465.5
2019-10-24 12:44:59,7466
2019-10-24 12:45:59,7465.5
2019-10-24 12:46:58,7464
2019-10-24 12:47:59,7463.5
2019-10-24 12:48:59,7464
2019-10-24 12:49:48,7464
2019-10-24 12:50:59,7464
2019-10-24 12:51:58,7461.5
2019-10-24 12:52:57,7457
2019-10-24 12:53:59,7457.5
2019-10-24 12:54:53,7455.5
2019-10-24 12:55:55,7454
2019-10-24 12:56:59,7452.5
2019-10-24 12:57:55,7454.5
2019-10-24 12:58:59,7454
2019-10-24 12:59:58,7454
2019-10-24 13:00:59,7454.5
2019-10-24 13:01:58,7454.5
2019-10-24 13:02:58,7459.5
2019-10-24 13:03:59,7460
2019-10-24 13:04:59,7462.5
2019-10-24 13:05:59,7463
2019-10-24 13:06:57,7464
2019-10-24 13:07:59,7462.5
2019-10-24 13:08:58,7458.5
2019-10-24 13:09:59,7458.5
2019-10-24 13:10:59,7458.5
2019-10-24 13:11:56,7458.5
2019-10-24 13:12:59,7460
2019-10-24 13:13:58,7456.5
2019-10-24 13:14:59,7454
2019-10-24 13:15:59,7450
2019-10-24 13:16:59,7449
2019-10-24 13:17:59,7448
2019-10-24 13:18:57,7447.5
2019-10-24 13:19:59,7449.5
2019-10-24 13:20:59,7448.5
2019-10-24 13:21:58,7448.5
2019-10-24 13:22:59,7449
2019-10-24 13:23:58,7449.5
2019-10-24 13:24:58,7449
2019-10-24 13:25:57,7449
2019-10-24 13:26:59,7448
2019-10-24 13:27:58,7447
2019-10-24 13:28:57,7445
2019-10-24 13:29:59,7444.5
2019-10-24 13:30:59,7444.5
2019-10-24 13:31:59,7448.5
2019-10-24 13:32:59,7445
2019-10-24 13:33:52,7445
2019-10-24 13:34:56,7445.5
2019-10-24 13:35:58,7445.5
2019-10-24 13:36:59,7445.5
2019-10-24 13:37:58,7445.5
2019-10-24 13:38:57,7445
2019-10-24 13:39:58,7452
2019-10-24 13:40:59,7457.5
2019-10-24 13:41:53,7458
2019-10-24 13:42:59,7462
2019-10-24 13:43:57,7463
2019-10-24 13:44:59,7463.5
2019-10-24 13:45:59,7465
2019-10-24 13:46:59,7471.5
2019-10-24 13:47:58,7469.5
2019-10-24 13:48:58,7468.5
2019-10-24 13:49:54,7469
2019-10-24 13:50:58,7469
2019-10-24 13:51:59,7468.5
2019-10-24 13:52:59,7467.5
2019-10-24 13:53:59,7463.5
2019-10-24 13:54:59,7464
2019-10-24 13:55:59,7460
2019-10-24 13:56:59,7458
2019-10-24 13:57:59,7463
2019-10-24 13:58:57,7462
2019-10-24 13:59:59,7456
2019-10-24 14:00:59,7460
2019-10-24 14:01:59,7469
2019-10-24 14:02:59,7467.5
2019-10-24 14:03:59,7473
2019-10-24 14:04:59,7469
2019-10-24 14:05:59,7472.5
2019-10-24 14:06:59,7483
2019-10-24 14:07:59,7481.5
2019-10-24 14:08:59,7483.5
2019-10-24 14:09:59,7483
2019-10-24 14:10:59,7488
2019-10-24 14:11:59,7485
2019-10-24 14:12:59,7487
2019-10-24 14:13:59,7487
2019-10-24 14:14:59,7495
2019-10-24 14:15:58,7489.5
2019-10-24 14:16:59,7494.5
2019-10-24 14:17:59,7494
2019-10-24 14:18:59,7497
2019-10-24 14:19:59,7500
2019-10-24 14:20:59,7492
2019-10-24 14:21:59,7488
2019-10-24 14:22:59,7488
2019-10-24 14:23:59,7481
2019-10-24 14:24:58,7481
2019-10-24 14:25:59,7485
2019-10-24 14:26:58,7481.5
2019-10-24 14:27:59,7480
2019-10-24 14:28:59,7480
2019-10-24 14:29:59,7477.5
2019-10-24 14:30:59,7481
2019-10-24 14:31:59,7481
2019-10-24 14:32:59,7480.5
2019-10-24 14:33:58,7478
2019-10-24 14:34:59,7476.5
2019-10-24 14:35:56,7477
2019-10-24 14:36:59,7476.5
2019-10-24 14:37:58,7477.5
2019-10-24 14:38:57,7477.5
2019-10-24 14:39:59,7477
2019-10-24 14:40:59,7479.5
2019-10-24 14:41:59,7479.5
2019-10-24 14:42:59,7478.5
2019-10-24 14:43:59,7478.5
2019-10-24 14:44:59,7477.5
2019-10-24 14:45:59,7470
2019-10-24 14:46:59,7470.5
2019-10-24 14:47:58,7471.5
2019-10-24 14:48:53,7472
2019-10-24 14:49:57,7472
2019-10-24 14:50:59,7474.5
2019-10-24 14:51:51,7475
2019-10-24 14:52:59,7475.5
2019-10-24 14:53:56,7473
2019-10-24 14:54:59,7475
2019-10-24 14:55:57,7475.5
2019-10-24 14:56:59,7475
2019-10-24 14:57:59,7471.5
2019-10-24 14:58:58,7471
2019-10-24 14:59:59,7469.5
2019-10-24 15:00:54,7470
2019-10-24 15:01:59,7472
2019-10-24 15:02:59,7471.5
2019-10-24 15:03:59,7471.5
2019-10-24 15:04:59,7465.5
2019-10-24 15:05:58,7465.5
2019-10-24 15:06:59,7460
2019-10-24 15:07:56,7460
2019-10-24 15:08:59,7460
2019-10-24 15:09:59,7455.5
2019-10-24 15:10:57,7450
2019-10-24 15:11:57,7444
2019-10-24 15:12:59,7444
2019-10-24 15:13:59,7446
2019-10-24 15:14:59,7442.5
2019-10-24 15:15:59,7441
2019-10-24 15:16:59,7438.5
2019-10-24 15:17:59,7445
2019-10-24 15:18:59,7447
2019-10-24 15:19:59,7439.5
2019-10-24 15:20:59,7438.5
2019-10-24 15:21:59,7434
2019-10-24 15:22:59,7436
2019-10-24 15:23:59,7430
2019-10-24 15:24:59,7434.5
2019-10-24 15:25:59,7439
2019-10-24 15:26:59,7440
2019-10-24 15:27:59,7441.5
2019-10-24 15:28:59,7441
2019-10-24 15:29:59,7445
2019-10-24 15:30:59,7445
2019-10-24 15:31:59,7448.5
2019-10-24 15:32:59,7450
2019-10-24 15:33:59,7451.5
2019-10-24 15:34:59,7452
2019-10-24 15:35:59,7449.5
2019-10-24 15:36:59,7438
2019-10-24 15:37:59,7438.5
2019-10-24 15:38:58,7443
2019-10-24 15:39:59,7436.5
2019-10-24 15:40:59,7432.5
2019-10-24 15:41:59,7432.5
2019-10-24 15:42:59,7438.5
2019-10-24 15:43:59,7444.5
2019-10-24 15:44:59,7443
2019-10-24 15:45:58,7443
2019-10-24 15:46:59,7444.5
2019-10-24 15:47:59,7444.5
2019-10-24 15:48:59,7444.5
2019-10-24 15:49:58,7444.5
2019-10-24 15:50:59,7443
2019-10-24 15:51:59,7443
2019-10-24 15:52:59,7444.5
2019-10-24 15:53:59,7445.5
2019-10-24 15:54:59,7444.5
2019-10-24 15:55:51,7444
2019-10-24 15:56:59,7444.5
2019-10-24 15:57:55,7444.5
2019-10-24 15:58:55,7444
2019-10-24 15:59:59,7444
2019-10-24 16:00:58,7444.5
2019-10-24 16:01:59,7450.5
2019-10-24 16:02:59,7451.5
2019-10-24 16:03:59,7456.5
2019-10-24 16:04:57,7456
2019-10-24 16:05:59,7454.5
2019-10-24 16:06:59,7452
2019-10-24 16:07:58,7451
2019-10-24 16:08:57,7451
2019-10-24 16:09:58,7451.5
2019-10-24 16:10:59,7445
2019-10-24 16:11:59,7441.5
2019-10-24 16:12:58,7439
2019-10-24 16:13:59,7439.5
2019-10-24 16:14:59,7439.5
2019-10-24 16:15:59,7443
2019-10-24 16:16:59,7452.5
2019-10-24 16:17:59,7455
2019-10-24 16:18:58,7456.5
2019-10-24 16:19:58,7458.5
2019-10-24 16:20:59,7455
2019-10-24 16:21:57,7456
2019-10-24 16:22:57,7456
2019-10-24 16:23:59,7455.5
2019-10-24 16:24:58,7456
2019-10-24 16:25:58,7456.5
2019-10-24 16:26:59,7453
2019-10-24 16:27:59,7453
2019-10-24 16:28:59,7449.5
2019-10-24 16:29:59,7448.5
2019-10-24 16:30:59,7446
2019-10-24 16:31:57,7445.5
2019-10-24 16:32:59,7441.5
2019-10-24 16:33:55,7445
2019-10-24 16:34:57,7441
2019-10-24 16:35:57,7445
2019-10-24 16:36:59,7449.5
2019-10-24 16:37:58,7450.5
2019-10-24 16:38:57,7450
2019-10-24 16:39:59,7452
2019-10-24 16:40:56,7451.5
2019-10-24 16:41:57,7452
2019-10-24 16:42:56,7452
2019-10-24 16:43:59,7452
2019-10-24 16:44:57,7451.5
2019-10-24 16:45:55,7455.5
2019-10-24 16:46:59,7455
2019-10-24 16:47:59,7455.5
2019-10-24 16:48:50,7456
2019-10-24 16:49:58,7456
2019-10-24 16:50:59,7459
2019-10-24 16:51:59,7462.5
2019-10-24 16:52:59,7465
2019-10-24 16:53:59,7465.5
2019-10-24 16:54:59,7465
2019-10-24 16:55:58,7462
2019-10-24 16:56:58,7465.5
2019-10-24 16:57:56,7462.5
2019-10-24 16:58:59,7468.5
2019-10-24 16:59:55,7465
2019-10-24 17:00:59,7464.5
2019-10-24 17:01:59,7464.5
2019-10-24 17:02:59,7464.5
2019-10-24 17:03:59,7459.5
2019-10-24 17:04:59,7460
2019-10-24 17:05:56,7459.5
2019-10-24 17:06:57,7458
2019-10-24 17:07:59,7455.5
2019-10-24 17:08:54,7452.5
2019-10-24 17:09:57,7452
2019-10-24 17:10:55,7452
2019-10-24 17:11:56,7452.5
2019-10-24 17:12:55,7452
2019-10-24 17:13:58,7452
2019-10-24 17:14:55,7452.5
2019-10-24 17:15:59,7455.5
2019-10-24 17:16:59,7455
2019-10-24 17:17:59,7455
2019-10-24 17:18:47,7453.5
2019-10-24 17:19:58,7453
2019-10-24 17:20:54,7452.5
2019-10-24 17:21:59,7452.5
2019-10-24 17:22:59,7452
2019-10-24 17:23:56,7452.5
2019-10-24 17:24:57,7452.5
2019-10-24 17:25:59,7452
2019-10-24 17:26:59,7447.5
2019-10-24 17:27:59,7447
2019-10-24 17:28:59,7439.5
2019-10-24 17:29:55,7442
2019-10-24 17:30:59,7441.5
2019-10-24 17:31:56,7440
2019-10-24 17:32:56,7440
2019-10-24 17:33:55,7440
2019-10-24 17:34:59,7438
2019-10-24 17:35:55,7438
2019-10-24 17:36:58,7439
2019-10-24 17:37:59,7442
2019-10-24 17:38:59,7440.5
2019-10-24 17:39:59,7440
2019-10-24 17:40:59,7439.5
2019-10-24 17:41:59,7440
2019-10-24 17:42:58,7439.5
2019-10-24 17:43:58,7440
2019-10-24 17:44:57,7441
2019-10-24 17:45:54,7441.5
2019-10-24 17:46:59,7440.5
2019-10-24 17:47:59,7440.5
2019-10-24 17:48:59,7440
2019-10-24 17:49:59,7436
2019-10-24 17:50:59,7436
2019-10-24 17:51:56,7436
2019-10-24 17:52:54,7435.5
2019-10-24 17:53:59,7440
2019-10-24 17:54:57,7439.5
2019-10-24 17:55:51,7440
2019-10-24 17:56:51,7439.5
2019-10-24 17:57:57,7436.5
2019-10-24 17:58:59,7440.5
2019-10-24 17:59:59,7442.5
2019-10-24 18:00:59,7444
2019-10-24 18:01:58,7444
2019-10-24 18:02:59,7443.5
2019-10-24 18:03:59,7447
2019-10-24 18:04:59,7450.5
2019-10-24 18:05:56,7453
2019-10-24 18:06:59,7452.5
2019-10-24 18:07:56,7452.5
2019-10-24 18:08:59,7451.5
2019-10-24 18:09:49,7452
2019-10-24 18:10:49,7449.5
2019-10-24 18:11:59,7452.5
2019-10-24 18:12:59,7452.5
2019-10-24 18:13:57,7452.5
2019-10-24 18:14:59,7451.5
2019-10-24 18:15:57,7451
2019-10-24 18:16:55,7451
2019-10-24 18:17:59,7449
2019-10-24 18:18:57,7447.5
2019-10-24 18:19:59,7450
2019-10-24 18:20:52,7449.5
2019-10-24 18:21:52,7450
2019-10-24 18:22:56,7450
2019-10-24 18:23:41,7450
2019-10-24 18:24:57,7450.5
2019-10-24 18:25:57,7450.5
2019-10-24 18:26:54,7450.5
2019-10-24 18:27:59,7451.5
2019-10-24 18:28:58,7455.5
2019-10-24 18:29:57,7455
2019-10-24 18:30:59,7462.5
2019-10-24 18:31:59,7461
2019-10-24 18:32:58,7461
2019-10-24 18:33:50,7458
2019-10-24 18:34:57,7458.5
2019-10-24 18:35:56,7458.5
2019-10-24 18:36:59,7454.5
2019-10-24 18:37:55,7454.5
2019-10-24 18:38:58,7459.5
2019-10-24 18:39:58,7459.5
2019-10-24 18:40:58,7456.5
2019-10-24 18:41:58,7454.5
2019-10-24 18:42:58,7454.5
2019-10-24 18:43:59,7450
2019-10-24 18:44:59,7446.5
2019-10-24 18:45:59,7448
2019-10-24 18:46:58,7448
2019-10-24 18:47:59,7448.5
2019-10-24 18:48:59,7447
2019-10-24 18:49:59,7445.5
2019-10-24 18:50:55,7446
2019-10-24 18:51:59,7452
2019-10-24 18:52:54,7452
2019-10-24 18:53:59,7451.5
2019-10-24 18:54:51,7452
2019-10-24 18:55:59,7450.5
2019-10-24 18:56:58,7451
2019-10-24 18:57:59,7455
2019-10-24 18:58:56,7455
2019-10-24 18:59:58,7454.5
2019-10-24 19:00:59,7456.5
2019-10-24 19:01:59,7456
2019-10-24 19:02:55,7456.5
2019-10-24 19:03:58,7456
2019-10-24 19:04:58,7456
2019-10-24 19:05:54,7455.5
2019-10-24 19:06:57,7455.5
2019-10-24 19:07:54,7456
2019-10-24 19:08:59,7459.5
2019-10-24 19:09:53,7460
2019-10-24 19:10:59,7456
2019-10-24 19:11:59,7456
2019-10-24 19:12:54,7456
2019-10-24 19:13:54,7456
2019-10-24 19:14:59,7456
2019-10-24 19:15:59,7457.5
2019-10-24 19:16:49,7457
2019-10-24 19:17:56,7457
2019-10-24 19:18:59,7457
2019-10-24 19:19:59,7454.5
2019-10-24 19:20:57,7454.5
2019-10-24 19:21:59,7451.5
2019-10-24 19:22:57,7451
2019-10-24 19:23:58,7455.5
2019-10-24 19:24:58,7455.5
2019-10-24 19:25:56,7459
2019-10-24 19:26:59,7460
2019-10-24 19:27:59,7461.5
2019-10-24 19:28:59,7461
2019-10-24 19:29:54,7461.5
2019-10-24 19:30:59,7464
2019-10-24 19:31:59,7464
2019-10-24 19:32:56,7464.5
2019-10-24 19:33:56,7464.5
2019-10-24 19:34:59,7464.5
2019-10-24 19:35:58,7464.5
2019-10-24 19:36:56,7467
2019-10-24 19:37:59,7470
2019-10-24 19:38:59,7470.5
2019-10-24 19:39:59,7471.5
2019-10-24 19:40:59,7479.5
2019-10-24 19:41:57,7480
2019-10-24 19:42:59,7476.5
2019-10-24 19:43:59,7476.5
2019-10-24 19:44:59,7476
2019-10-24 19:45:57,7476
2019-10-24 19:46:59,7475
2019-10-24 19:47:57,7474
2019-10-24 19:48:59,7478
2019-10-24 19:49:59,7479.5
2019-10-24 19:50:57,7477
2019-10-24 19:51:59,7476
2019-10-24 19:52:59,7476.5
2019-10-24 19:53:59,7483.5
2019-10-24 19:54:59,7483.5
2019-10-24 19:55:57,7483
2019-10-24 19:56:59,7483.5
2019-10-24 19:57:59,7483.5
2019-10-24 19:58:58,7483.5
2019-10-24 19:59:59,7483.5
2019-10-24 20:00:56,7483
2019-10-24 20:01:59,7477.5
2019-10-24 20:02:59,7475
2019-10-24 20:03:59,7471.5
2019-10-24 20:04:59,7471.5
2019-10-24 20:05:57,7471
2019-10-24 20:06:59,7471
2019-10-24 20:07:58,7471
2019-10-24 20:08:59,7474.5
2019-10-24 20:09:58,7474
2019-10-24 20:10:59,7474
2019-10-24 20:11:59,7474.5
2019-10-24 20:12:58,7471.5
2019-10-24 20:13:59,7471
2019-10-24 20:14:59,7471
2019-10-24 20:15:58,7471.5
2019-10-24 20:16:59,7471.5
2019-10-24 20:17:58,7471
2019-10-24 20:18:59,7471
2019-10-24 20:19:56,7470
2019-10-24 20:20:59,7469
2019-10-24 20:21:52,7469.5
2019-10-24 20:22:58,7469.5
2019-10-24 20:23:53,7469
2019-10-24 20:24:59,7468
2019-10-24 20:25:59,7469
2019-10-24 20:26:43,7469.5
2019-10-24 20:27:59,7469
2019-10-24 20:28:47,7469.5
2019-10-24 20:29:59,7472
2019-10-24 20:30:57,7472
2019-10-24 20:31:54,7471.5
2019-10-24 20:32:59,7469.5
2019-10-24 20:33:58,7469
2019-10-24 20:34:59,7469
2019-10-24 20:35:59,7469.5
2019-10-24 20:36:58,7465.5
2019-10-24 20:37:56,7461
2019-10-24 20:38:59,7456
2019-10-24 20:39:59,7456.5
2019-10-24 20:40:58,7456.5
2019-10-24 20:41:56,7456
2019-10-24 20:42:58,7456
2019-10-24 20:43:49,7456
2019-10-24 20:44:54,7456.5
2019-10-24 20:45:58,7456.5
2019-10-24 20:46:55,7456.5
2019-10-24 20:47:52,7459.5
2019-10-24 20:48:54,7459
2019-10-24 20:49:51,7459.5
2019-10-24 20:50:59,7459
2019-10-24 20:51:58,7459
2019-10-24 20:52:56,7455.5
2019-10-24 20:53:57,7456
2019-10-24 20:54:59,7456
2019-10-24 20:55:53,7455.5
2019-10-24 20:56:59,7455
2019-10-24 20:57:56,7454
2019-10-24 20:58:57,7453.5
2019-10-24 20:59:57,7454
2019-10-24 21:00:59,7453.5
2019-10-24 21:01:59,7453.5
2019-10-24 21:02:59,7453.5
2019-10-24 21:03:57,7454
2019-10-24 21:04:57,7453.5
2019-10-24 21:05:58,7454
2019-10-24 21:06:58,7453.5
2019-10-24 21:07:57,7454
2019-10-24 21:08:59,7454
2019-10-24 21:09:59,7454
2019-10-24 21:10:56,7454
2019-10-24 21:11:59,7454
2019-10-24 21:12:59,7454
2019-10-24 21:13:58,7454
2019-10-24 21:14:59,7454
2019-10-24 21:15:57,7453.5
2019-10-24 21:16:59,7454
2019-10-24 21:17:57,7453.5
2019-10-24 21:18:59,7454
2019-10-24 21:19:57,7454
2019-10-24 21:20:59,7453.5
2019-10-24 21:21:56,7453.5
2019-10-24 21:22:59,7457.5
2019-10-24 21:23:58,7458.5
2019-10-24 21:24:57,7458.5
2019-10-24 21:25:58,7459
2019-10-24 21:26:58,7459
2019-10-24 21:27:59,7459
2019-10-24 21:28:54,7458.5
2019-10-24 21:29:52,7459
2019-10-24 21:30:56,7459
2019-10-24 21:31:56,7459
2019-10-24 21:32:52,7459
2019-10-24 21:33:59,7458.5
2019-10-24 21:34:54,7458.5
2019-10-24 21:35:54,7459
2019-10-24 21:36:57,7459
2019-10-24 21:37:58,7458
2019-10-24 21:38:59,7457.5
2019-10-24 21:39:58,7455.5
2019-10-24 21:40:59,7451
2019-10-24 21:41:59,7451
2019-10-24 21:42:58,7450
2019-10-24 21:43:57,7450
2019-10-24 21:44:49,7450
2019-10-24 21:45:52,7450
2019-10-24 21:46:57,7450.5
2019-10-24 21:47:58,7450
2019-10-24 21:48:59,7449.5
2019-10-24 21:49:58,7446
2019-10-24 21:50:59,7443
2019-10-24 21:51:57,7443
2019-10-24 21:52:56,7443.5
2019-10-24 21:53:56,7442.5
2019-10-24 21:54:57,7442
2019-10-24 21:55:56,7442
2019-10-24 21:56:58,7442
2019-10-24 21:57:58,7442
2019-10-24 21:58:57,7442
2019-10-24 21:59:58,7442.5
2019-10-24 22:00:59,7442.5
2019-10-24 22:01:58,7444
2019-10-24 22:02:59,7444.5
2019-10-24 22:03:55,7444.5
2019-10-24 22:04:56,7444
2019-10-24 22:05:57,7444
2019-10-24 22:06:55,7444.5
2019-10-24 22:07:59,7444.5
2019-10-24 22:08:59,7445.5
2019-10-24 22:09:57,7445.5
2019-10-24 22:10:59,7448.5
2019-10-24 22:11:59,7449.5
2019-10-24 22:12:59,7449
2019-10-24 22:13:56,7449
2019-10-24 22:14:59,7449.5
2019-10-24 22:15:57,7449.5
2019-10-24 22:16:59,7458.5
2019-10-24 22:17:59,7458.5
2019-10-24 22:18:59,7458.5
2019-10-24 22:19:58,7458.5
2019-10-24 22:20:59,7458.5
2019-10-24 22:21:59,7459
2019-10-24 22:22:58,7459
2019-10-24 22:23:56,7458.5
2019-10-24 22:24:59,7461.5
2019-10-24 22:25:54,7461.5
2019-10-24 22:26:59,7462
2019-10-24 22:27:58,7462
2019-10-24 22:28:57,7461.5
2019-10-24 22:29:53,7462
2019-10-24 22:30:58,7462
2019-10-24 22:31:59,7462
2019-10-24 22:32:57,7462.5
2019-10-24 22:33:59,7462.5
2019-10-24 22:34:49,7463
2019-10-24 22:35:58,7463.5
2019-10-24 22:36:49,7463
2019-10-24 22:37:58,7463
2019-10-24 22:38:44,7463
2019-10-24 22:39:51,7463
2019-10-24 22:40:59,7463
2019-10-24 22:41:51,7463.5
2019-10-24 22:42:50,7463
2019-10-24 22:43:58,7463
2019-10-24 22:44:56,7463
2019-10-24 22:45:59,7460
2019-10-24 22:46:58,7460
2019-10-24 22:47:58,7463.5
2019-10-24 22:48:58,7463.5
2019-10-24 22:49:52,7462.5
2019-10-24 22:50:53,7462.5
2019-10-24 22:51:50,7462
2019-10-24 22:52:59,7462
2019-10-24 22:53:54,7462.5
2019-10-24 22:54:57,7462.5
2019-10-24 22:55:59,7462
2019-10-24 22:56:58,7462
2019-10-24 22:57:59,7462
2019-10-24 22:58:58,7462
2019-10-24 22:59:58,7462.5
2019-10-24 23:00:53,7460.5
2019-10-24 23:01:59,7460.5
2019-10-24 23:02:55,7461
2019-10-24 23:03:48,7460.5
2019-10-24 23:04:59,7460.5
2019-10-24 23:05:56,7460.5
2019-10-24 23:06:58,7461
2019-10-24 23:07:59,7460.5
2019-10-24 23:08:48,7461
2019-10-24 23:09:59,7461
2019-10-24 23:10:59,7460.5
2019-10-24 23:11:57,7461
2019-10-24 23:12:52,7460.5
2019-10-24 23:13:59,7460.5
2019-10-24 23:14:58,7461
2019-10-24 23:15:58,7464
2019-10-24 23:16:56,7465
2019-10-24 23:17:59,7466.5
2019-10-24 23:18:53,7467
2019-10-24 23:19:59,7467
2019-10-24 23:20:59,7470
2019-10-24 23:21:59,7471.5
2019-10-24 23:22:59,7471.5
2019-10-24 23:23:58,7472
2019-10-24 23:24:57,7470
2019-10-24 23:25:59,7465
2019-10-24 23:26:58,7465
2019-10-24 23:27:55,7465.5
2019-10-24 23:28:58,7465
2019-10-24 23:29:59,7465.5
2019-10-24 23:30:59,7465.5
2019-10-24 23:31:58,7465
2019-10-24 23:32:57,7464
2019-10-24 23:33:54,7462
2019-10-24 23:34:58,7461.5
2019-10-24 23:35:58,7461.5
2019-10-24 23:36:56,7461
2019-10-24 23:37:55,7459.5
2019-10-24 23:38:58,7459.5
2019-10-24 23:39:55,7459.5
2019-10-24 23:40:56,7459.5
2019-10-24 23:41:59,7459
2019-10-24 23:42:59,7459
2019-10-24 23:43:54,7459
2019-10-24 23:44:56,7456.5
2019-10-24 23:45:56,7453
2019-10-24 23:46:57,7453
2019-10-24 23:47:55,7452
2019-10-24 23:48:54,7451
2019-10-24 23:49:58,7441
2019-10-24 23:50:59,7428.5
2019-10-24 23:51:59,7428
2019-10-24 23:52:58,7428.5
2019-10-24 23:53:59,7431.5
2019-10-24 23:54:59,7431.5
2019-10-24 23:55:56,7431.5
2019-10-24 23:56:58,7428
2019-10-24 23:57:59,7428.5
2019-10-24 23:58:59,7424
2019-10-24 23:59:59,7424
